{
  "Petición HTTP-0" : {
    "transaction" : "Petición HTTP-0",
    "sampleCount" : 24236,
    "errorCount" : 0,
    "errorPct" : 0.0,
    "meanResTime" : 3988.3875226935133,
    "medianResTime" : 201.0,
    "minResTime" : 134.0,
    "maxResTime" : 271740.0,
    "pct1ResTime" : 2283.0,
    "pct2ResTime" : 4333.9000000000015,
    "pct3ResTime" : 135472.96000000002,
    "throughput" : 64.31069527514342,
    "receivedKBytesPerSec" : 62.36666324335028,
    "sentKBytesPerSec" : 14.067964591437624
  },
  "Petición HTTP-1" : {
    "transaction" : "Petición HTTP-1",
    "sampleCount" : 24236,
    "errorCount" : 58,
    "errorPct" : 0.23931342,
    "meanResTime" : 3006.459935632943,
    "medianResTime" : 559.0,
    "minResTime" : 84.0,
    "maxResTime" : 271925.0,
    "pct1ResTime" : 2517.9000000000015,
    "pct2ResTime" : 3764.9500000000007,
    "pct3ResTime" : 134430.72000000003,
    "throughput" : 64.14049722382482,
    "receivedKBytesPerSec" : 136.51832438541726,
    "sentKBytesPerSec" : 9.560557678082771
  },
  "Petición HTTP" : {
    "transaction" : "Petición HTTP",
    "sampleCount" : 24323,
    "errorCount" : 145,
    "errorPct" : 0.59614354,
    "meanResTime" : 6996.236607326392,
    "medianResTime" : 1462.0,
    "minResTime" : 95.0,
    "maxResTime" : 305996.0,
    "pct1ResTime" : 4996.9000000000015,
    "pct2ResTime" : 22395.400000000067,
    "pct3ResTime" : 175557.52000000025,
    "throughput" : 64.34434794570556,
    "receivedKBytesPerSec" : 199.22259411382677,
    "sentKBytesPerSec" : 23.581618100766377
  },
  "Total" : {
    "transaction" : "Total",
    "sampleCount" : 72795,
    "errorCount" : 203,
    "errorPct" : 0.2788653,
    "meanResTime" : 4666.482395768913,
    "medianResTime" : 1185.0,
    "minResTime" : 84.0,
    "maxResTime" : 305996.0,
    "pct1ResTime" : 6492.300000000025,
    "pct2ResTime" : 134417.8,
    "pct3ResTime" : 268896.95,
    "throughput" : 192.57274220727857,
    "receivedKBytesPerSec" : 397.86104568080333,
    "sentKBytesPerSec" : 47.163236201532754
  }
}